ID,2D-Dice,2D-Hausdorff,3D-Dice,3D-Hausdorff
BraTS20_Training_001,0.975561241002308,1.0,0.9582597742172515,1.4142135623730951
BraTS20_Training_002,0.9667109129144357,1.0,0.9423246756187587,2.0
BraTS20_Training_003,0.9512404628366429,1.0,0.9277312072115138,1.4142135623730951
BraTS20_Training_004,0.981670612106865,1.0,0.9689449436620402,1.0
BraTS20_Training_005,0.9655426401196916,1.0,0.9366680484547004,1.0
BraTS20_Training_006,0.9698678541167138,1.0,0.9555267245317497,1.4142135623730951
BraTS20_Training_007,0.9606610156701965,1.0,0.9447448138348863,1.4142135623730951
BraTS20_Training_008,0.9327162055571265,1.0,0.88847308646273,4.358898943540674
BraTS20_Training_009,0.9662063385400239,1.0,0.946352721104436,2.0
BraTS20_Training_010,0.9346119526052432,1.0,0.9040370615486433,2.0
BraTS20_Training_011,0.9714979654350525,1.0,0.9536190632583429,1.4142135623730951
BraTS20_Training_012,0.9430945585846959,1.4142135623730951,0.9126259595034274,3.0
BraTS20_Training_013,0.9584187630856684,1.0,0.9333319021499952,2.0
BraTS20_Training_014,0.9668667973304885,1.0,0.943571749662854,1.4142135623730951
BraTS20_Training_015,0.9736153119657609,1.0,0.9618334039677907,1.0
BraTS20_Training_016,0.964104817542304,1.0,0.9494293438921994,1.4142135623730951
BraTS20_Training_017,0.9676988457866016,1.0,0.9465035675857931,1.4142135623730951
BraTS20_Training_018,0.9413809031520137,1.0,0.9180563573583713,1.4142135623730951
BraTS20_Training_019,0.9565137424850275,1.4142135623730951,0.9294612540994055,2.8284271247461903
BraTS20_Training_020,0.9767211038794358,1.0,0.9551574770462282,2.0
BraTS20_Training_021,0.9313300035481318,1.4142135623730951,0.8843620395218346,3.0
BraTS20_Training_022,0.9776629266425185,1.0,0.9603141671606402,1.0
BraTS20_Training_023,0.9638969321555547,1.0,0.9446723312823518,1.0
BraTS20_Training_024,0.9665402259213978,1.0,0.9424171741365185,1.4142135623730951
BraTS20_Training_025,0.9694152189870321,1.0,0.9490133362246558,1.4142135623730951
BraTS20_Training_026,0.9711051566988518,1.0,0.956688485906834,1.7320508075688772
BraTS20_Training_027,0.9556423021518298,1.0,0.9382006966873784,2.0
BraTS20_Training_028,0.946936983093025,2.0,0.923270989496155,3.0
BraTS20_Training_029,0.9694435303277176,1.0,0.95235410659923,1.0
BraTS20_Training_030,0.9333500904886386,1.4142135623730951,0.906019176491783,2.23606797749979
BraTS20_Training_031,0.9571616053366038,1.0,0.9352474143234122,2.23606797749979
BraTS20_Training_032,0.9553618794998106,1.0,0.9357630128025418,1.7320508075688772
BraTS20_Training_033,0.9694449761155252,1.0,0.9596079924349418,1.4142135623730951
BraTS20_Training_034,0.9760630007382899,1.0,0.9577086031655434,1.4142135623730951
BraTS20_Training_035,0.9589977948931002,1.0,0.9298876060860922,2.23606797749979
BraTS20_Training_036,0.9554161722325818,1.0,0.930018101711124,1.4142135623730951
BraTS20_Training_037,0.9726740920507413,1.0,0.9603019207538376,1.7320508075688772
BraTS20_Training_038,0.9649419008839011,1.0,0.947050808828994,1.4142135623730951
BraTS20_Training_039,0.9762555320377141,1.0,0.960633872820097,1.0
BraTS20_Training_040,0.9680613883489204,1.0,0.950682340224294,1.4142135623730951
BraTS20_Training_041,0.9709570502670221,1.0,0.9581762911943086,1.0
BraTS20_Training_042,0.9762185599346324,1.0,0.9639943406455367,1.0
BraTS20_Training_043,0.9283410044947157,1.4142135623730951,0.8945237872573513,2.23606797749979
BraTS20_Training_044,0.9150973678579071,2.0,0.8729815571035845,4.47213595499958
BraTS20_Training_045,0.9690962340070558,1.0,0.9570177162300524,1.4142135623730951
BraTS20_Training_046,0.922766153074587,1.4142135623730951,0.8816863856023996,2.8284271247461903
BraTS20_Training_047,0.9628504549001189,1.4142135623730951,0.9441355029022742,2.23606797749979
BraTS20_Training_048,0.9050211526458145,2.0,0.8643985250121756,3.605551275463989
BraTS20_Training_049,0.9591540287051594,1.4142135623730951,0.9286232613163078,2.0
BraTS20_Training_050,0.9779994525713939,1.0,0.963186187667038,1.0
BraTS20_Training_051,0.9680046538685282,1.0,0.9523758667148632,1.0
BraTS20_Training_052,0.9688943840697599,1.0,0.946666088990945,1.0
BraTS20_Training_053,0.9710237775864715,1.0,0.9615537695366719,1.0
BraTS20_Training_054,0.9642306756427934,1.0,0.9484376669662893,2.0
BraTS20_Training_055,0.9759555035227787,1.0,0.9614910108822353,2.23606797749979
BraTS20_Training_056,0.9630724050817624,1.0,0.941457806392274,1.0
BraTS20_Training_057,0.9733738521793508,1.0,0.9452965659044555,1.4142135623730951
BraTS20_Training_058,0.9382623711737079,1.4142135623730951,0.9069790839882397,2.8284271247461903
BraTS20_Training_059,0.9384872772546884,1.0,0.8974269005847954,2.0
BraTS20_Training_060,0.9742579473934382,1.0,0.9576625404772294,3.7416573867739413
BraTS20_Training_061,0.9663843239460411,1.0,0.9475707369291779,2.0
BraTS20_Training_062,0.9715422941353721,1.0,0.9630209407070153,1.0
BraTS20_Training_063,0.9445833488823375,1.0,0.9276605265120441,2.23606797749979
BraTS20_Training_064,0.9722047277154974,1.0,0.9471342538890566,2.449489742783178
BraTS20_Training_065,0.9610098625642667,1.0,0.9445825647606063,1.4142135623730951
BraTS20_Training_066,0.9720666615986282,1.0,0.9571784981394913,1.0
BraTS20_Training_067,0.9724837631144075,1.0,0.960528349718667,1.0
BraTS20_Training_068,0.9672668927774292,1.0,0.9494280408691528,2.8284271247461903
BraTS20_Training_069,0.9490224808869829,1.0,0.9192369383705375,1.4142135623730951
BraTS20_Training_070,0.9665713388902452,1.0,0.9500004365249125,1.4142135623730951
BraTS20_Training_071,0.9699573590407562,2.23606797749979,0.9535851678396357,4.898979485566356
BraTS20_Training_072,0.9526323805655683,1.4142135623730951,0.926775534306934,2.23606797749979
BraTS20_Training_073,0.9711475704994036,1.0,0.9532269475670152,1.0
BraTS20_Training_074,0.957782862687761,1.0,0.9384888089316895,2.0
BraTS20_Training_075,0.9811853703673642,1.0,0.9684902830293973,2.0
BraTS20_Training_076,0.9686280593310342,1.0,0.9437028023334885,1.4142135623730951
BraTS20_Training_077,0.9712566711307442,1.0,0.9502399040383847,1.0
BraTS20_Training_078,0.9362313362313363,1.0,0.905598216497399,2.23606797749979
BraTS20_Training_079,0.9514914970727627,1.0,0.9299283278825412,1.0
BraTS20_Training_080,0.9589934334389494,1.0,0.922352233140053,1.4142135623730951
BraTS20_Training_081,0.9717488932063573,1.0,0.9555817735403845,1.4142135623730951
BraTS20_Training_082,0.9286039108685766,1.0,0.887823585810163,5.385164807134504
BraTS20_Training_083,0.9747169938836887,1.0,0.9608689785454054,1.0
BraTS20_Training_084,0.9681203192358008,1.0,0.9493513260502866,1.4142135623730951
BraTS20_Training_085,0.959612188365651,1.0,0.9457275791937146,1.0
BraTS20_Training_086,0.929368572053782,1.0,0.8975903614457831,2.0
BraTS20_Training_087,0.9582144466136057,1.0,0.92545604684333,2.23606797749979
BraTS20_Training_088,0.9449314526759821,1.0,0.9243374770330889,1.7320508075688772
BraTS20_Training_089,0.809741988554446,7.211102550927978,0.6879984690094012,22.693611435820433
BraTS20_Training_090,0.9321850454573567,6.0,0.9223636036252326,6.4031242374328485
BraTS20_Training_091,0.9257717207321967,4.123105625617661,0.9166871677487672,6.082762530298219
BraTS20_Training_092,0.9308510172061673,4.0,0.9395376505775237,1.4142135623730951
BraTS20_Training_093,0.9672181635507177,1.0,0.9717162131495884,1.0
BraTS20_Training_094,0.8337533449377776,3.7416573867739413,0.9250563798219584,2.0
BraTS20_Training_095,0.9634531767770605,1.0,0.9672309232774744,1.0
BraTS20_Training_096,0.9661521095823545,1.0,0.9661075281689087,1.0
BraTS20_Training_097,0.9550756790774845,1.4142135623730951,0.9609479367959289,1.4142135623730951
BraTS20_Training_098,0.9749743379182919,1.0,0.9775469168900804,1.0
BraTS20_Training_100,0.947728732949804,7.0,0.9646448051521325,1.0
BraTS20_Training_101,0.9224803945817753,4.58257569495584,0.9153989144174288,5.744562646538029
BraTS20_Training_102,0.919453207150368,2.0,0.9191089801218659,2.23606797749979
BraTS20_Training_103,0.93575414138956,4.242640687119285,0.9432219268813455,3.0
BraTS20_Training_104,0.9570501367157397,2.0,0.9655883006571789,1.4142135623730951
BraTS20_Training_105,0.8847002813243887,4.242640687119285,0.9202343961795926,3.7416573867739413
BraTS20_Training_106,0.9388116356338921,3.0,0.9480623009971703,2.8284271247461903
BraTS20_Training_107,0.9360627597849371,2.0,0.9525683123345532,2.0
BraTS20_Training_108,0.9253864291328269,1.7320508075688772,0.9288105450360916,1.4142135623730951
BraTS20_Training_109,0.9450393645753769,1.4142135623730951,0.9433680784283334,1.7320508075688772
BraTS20_Training_110,0.7152396380734126,33.52610922848042,0.7923002549002374,35.6931365951495
BraTS20_Training_111,0.937704176793082,1.4142135623730951,0.9495148016214224,1.0
BraTS20_Training_112,0.9648378270289244,1.0,0.96728877955132,1.0
BraTS20_Training_113,0.9574232163753909,5.916079783099616,0.9639320720046016,6.4031242374328485
BraTS20_Training_114,0.9545329264691407,3.1622776601683795,0.9454009445786998,32.38826948140329
BraTS20_Training_115,0.9545065712730383,4.69041575982343,0.9708167635362496,1.0
BraTS20_Training_116,0.9632394943194604,1.0,0.9676326421311228,1.0
BraTS20_Training_117,0.9519818769887517,2.23606797749979,0.9553428078729856,1.7320508075688772
BraTS20_Training_118,0.9508936546290464,4.0,0.966339121629224,1.0
BraTS20_Training_119,0.8431749257712643,4.0,0.7465087659847688,24.372115213907882
BraTS20_Training_120,0.9508487966700601,50.17967716117751,0.9731346358004151,2.0
BraTS20_Training_121,0.9736224306730227,1.0,0.9794201048957014,1.0
BraTS20_Training_122,0.9312817258883249,1.4142135623730951,0.9579582310327059,1.0
BraTS20_Training_123,0.9474661520016375,4.123105625617661,0.9556944484961638,5.0
BraTS20_Training_124,0.9696383678205376,1.4142135623730951,0.9653580189359884,2.0
BraTS20_Training_125,0.9666880476154815,2.0,0.9682371161132594,4.0
BraTS20_Training_126,0.9174190816593397,2.23606797749979,0.913891234898836,3.0
BraTS20_Training_127,0.9583328504039221,1.4142135623730951,0.9593188715562746,1.0
BraTS20_Training_128,0.8605546435783081,4.242640687119285,0.8941344385584498,4.0
BraTS20_Training_129,0.8928387272892717,5.0990195135927845,0.8906137920099064,5.477225575051661
BraTS20_Training_130,0.9830896000143461,1.0,0.9561984179628451,1.4142135623730951
BraTS20_Training_131,0.9734144525246764,1.0,0.9521518906693002,1.4142135623730951
BraTS20_Training_132,0.9741497302830591,1.0,0.9479559616215448,2.0
BraTS20_Training_133,0.9898924570698905,1.0,0.9631124611999121,1.7320508075688772
BraTS20_Training_134,0.9652888858460562,1.0,0.9348828190967031,2.449489742783178
BraTS20_Training_135,0.9819484616499727,1.0,0.9636690763943813,1.4142135623730951
BraTS20_Training_136,0.9742523141678039,1.0,0.9354244004171012,1.4142135623730951
BraTS20_Training_137,0.9804455650051038,1.0,0.9576233599716145,1.4142135623730951
BraTS20_Training_138,0.9850077423129893,1.0,0.9648311111430908,1.4142135623730951
BraTS20_Training_139,0.9583914287810964,1.0,0.9209206255532606,2.23606797749979
BraTS20_Training_140,0.9856105937496585,1.0,0.9671661452329985,1.0
BraTS20_Training_141,0.9807184241019699,1.0,0.956195069916286,1.0
BraTS20_Training_142,0.9743490689948234,1.0,0.9533666705430864,1.0
BraTS20_Training_143,0.985528224888463,1.0,0.9684658858219346,1.4142135623730951
BraTS20_Training_144,0.9771596106957906,1.0,0.9551507013742663,2.0
BraTS20_Training_145,0.9796044200498102,1.0,0.9560326638818457,1.4142135623730951
BraTS20_Training_146,0.9780885965607418,1.0,0.9513825434031227,1.4142135623730951
BraTS20_Training_147,0.9846861413531673,1.0,0.9707886066915141,1.0
BraTS20_Training_148,0.9702879330983908,1.0,0.9355032781617683,2.23606797749979
BraTS20_Training_149,0.9833183451486944,1.0,0.9591430345199189,1.4142135623730951
BraTS20_Training_150,0.9466252256970766,2.449489742783178,0.9621670661196192,1.4142135623730951
BraTS20_Training_151,0.9400655284459187,2.8284271247461903,0.9392172648418429,2.0
BraTS20_Training_152,0.970631444240327,1.0,0.9733798961976636,1.0
BraTS20_Training_153,0.9381758432080765,2.23606797749979,0.9461673188000745,2.0
BraTS20_Training_154,0.9276387316602965,3.3166247903554,0.9692859094488822,1.0
BraTS20_Training_155,0.9550753028787373,1.0,0.9608898215026702,1.0
BraTS20_Training_156,0.9616417020148462,1.4142135623730951,0.9633257431125901,1.0
BraTS20_Training_157,0.9080339875619506,3.0,0.9200858974148812,2.23606797749979
BraTS20_Training_158,0.9067954982765543,2.23606797749979,0.8995987269959873,3.1622776601683795
BraTS20_Training_159,0.9097199147821668,55.5517776493246,0.9198197129640612,2.23606797749979
BraTS20_Training_160,0.9551872114543717,2.0,0.9567370626593231,3.605551275463989
BraTS20_Training_161,0.9500998003992016,5.0,0.9527794488690952,2.0
BraTS20_Training_162,0.976455683086618,1.0,0.9723494679317175,1.0
BraTS20_Training_163,0.9810674249572495,1.4142135623730951,0.97795369369486,1.0
BraTS20_Training_164,0.89758691599394,2.23606797749979,0.8731835315742504,4.0
BraTS20_Training_165,0.9595775918966609,1.4142135623730951,0.9604502184425772,1.4142135623730951
BraTS20_Training_166,0.9732312886888014,1.0,0.9689955966464856,1.4142135623730951
BraTS20_Training_167,0.9600625302415603,1.0,0.9504119868862267,2.0
BraTS20_Training_168,0.9533517546803499,2.0,0.9495877745440253,3.0
BraTS20_Training_169,0.9643827452630103,1.4142135623730951,0.9629642656162071,1.4142135623730951
BraTS20_Training_170,0.9772263422717077,1.0,0.9728245172209357,1.4142135623730951
BraTS20_Training_171,0.9444760860588629,3.7416573867739413,0.9417877122823761,5.0990195135927845
BraTS20_Training_172,0.9610886834223206,1.4142135623730951,0.964317024979391,1.0
BraTS20_Training_173,0.9435527558080143,2.0,0.9298044448966654,2.23606797749979
BraTS20_Training_174,0.9713960452904497,1.0,0.9697531591429465,1.0
BraTS20_Training_175,0.9658391245003677,1.4142135623730951,0.9611977229311947,2.23606797749979
BraTS20_Training_176,0.9744001587294089,1.0,0.9717488298120557,1.4142135623730951
BraTS20_Training_177,0.8434090832801853,44.82186966202994,0.8403006106153124,24.698178070456937
BraTS20_Training_178,0.9780746116096992,1.0,0.977483528775804,1.0
BraTS20_Training_179,0.9589767496066662,2.0,0.9622533558277708,1.7320508075688772
BraTS20_Training_180,0.9045782421378825,40.80441152620633,0.9029587774721654,39.81205847478876
BraTS20_Training_181,0.9516564776512795,1.0,0.9457796422468482,1.4142135623730951
BraTS20_Training_182,0.8349276177809607,51.478150704935004,0.878147555439433,49.92995093127971
BraTS20_Training_183,0.9794964330448568,1.0,0.9763990043329953,1.0
BraTS20_Training_184,0.9384080260312081,2.0,0.9395136292212375,3.0
BraTS20_Training_185,0.9615596258155805,1.4142135623730951,0.9478837419506965,2.449489742783178
BraTS20_Training_186,0.9555017146265096,1.4142135623730951,0.9542997689944155,2.0
BraTS20_Training_187,0.9732657170235903,1.0,0.9721243640718822,1.4142135623730951
BraTS20_Training_188,0.8617848902561676,2.23606797749979,0.8518310026072529,3.605551275463989
BraTS20_Training_189,0.9755130406344534,1.0,0.9674204832018222,1.7320508075688772
BraTS20_Training_190,0.9326941312822674,17.05872210923198,0.9229118902887912,19.4164878389476
BraTS20_Training_191,0.9625997711891825,1.7320508075688772,0.955694808704879,3.605551275463989
BraTS20_Training_192,0.9834358473864591,1.0,0.9772981053648665,1.0
BraTS20_Training_193,0.9292572714494728,52.81098370604357,0.9684820219647962,38.40572873934304
BraTS20_Training_194,0.9711539422279508,1.0,0.9658051630149124,2.0
BraTS20_Training_195,0.939762973500322,2.0,0.9401216218841678,2.0
BraTS20_Training_196,0.9728971404692257,1.0,0.968972471997791,1.4142135623730951
BraTS20_Training_197,0.9683288484736012,1.7320508075688772,0.9701801445041356,1.4142135623730951
BraTS20_Training_198,0.9767047583364556,1.0,0.9664768119495314,2.0
BraTS20_Training_199,0.9663889482304351,1.0,0.9642168289767954,1.4142135623730951
BraTS20_Training_200,0.9354244315088571,2.23606797749979,0.9374514129635466,2.0
BraTS20_Training_201,0.9784241477481761,1.0,0.9749631393898152,1.4142135623730951
BraTS20_Training_202,0.9837945111104256,1.0,0.9710917621070343,1.0
BraTS20_Training_203,0.946506316867104,1.7320508075688772,0.9352408871483466,40.85339643163099
BraTS20_Training_204,0.9177493825834855,1.7320508075688772,0.9031190057019733,2.23606797749979
BraTS20_Training_205,0.942084347370691,1.0,0.9428425815817516,1.0
BraTS20_Training_206,0.9255836473485886,1.4142135623730951,0.9111370633825246,3.0
BraTS20_Training_207,0.9419937595142177,2.449489742783178,0.9323511397863897,2.0
BraTS20_Training_208,0.9840211207466834,1.0,0.965669175693042,1.4142135623730951
BraTS20_Training_209,0.9762322985807775,1.0,0.9593608191443975,1.4142135623730951
BraTS20_Training_210,0.9444881262141955,2.23606797749979,0.9484294764740545,2.0
BraTS20_Training_211,0.9499476826491045,1.4142135623730951,0.946287344870423,2.23606797749979
BraTS20_Training_212,0.984770858832577,1.0,0.9678386628851026,4.123105625617661
BraTS20_Training_213,0.9813183063097749,1.0,0.9656460765311045,18.05547008526779
BraTS20_Training_214,0.9628004317846364,1.4142135623730951,0.9678446044185964,1.0
BraTS20_Training_215,0.9290791610712302,2.23606797749979,0.9281839080459771,1.7320508075688772
BraTS20_Training_216,0.9692740023122558,1.4142135623730951,0.9628757620348959,5.477225575051661
BraTS20_Training_217,0.9486109241057403,2.0,0.9411082100377139,2.0
BraTS20_Training_218,0.9710053098924635,1.4142135623730951,0.9654327128037516,2.23606797749979
BraTS20_Training_219,0.9321387177850994,8.602325267042627,0.9293923599656925,6.0
BraTS20_Training_220,0.937775309703845,3.0,0.9338586686589341,3.0
BraTS20_Training_221,0.9762914144312593,1.0,0.9724247462129304,1.4142135623730951
BraTS20_Training_222,0.9184115304840199,13.19090595827292,0.9203343465045593,5.477225575051661
BraTS20_Training_223,0.964837361439215,1.4142135623730951,0.9686694572906575,1.4142135623730951
BraTS20_Training_224,0.95905486536679,1.7320508075688772,0.9628292939936776,2.0
BraTS20_Training_225,0.9699856754184412,1.4142135623730951,0.9678936285422056,1.4142135623730951
BraTS20_Training_226,0.9547692996446459,1.4142135623730951,0.9495747308489335,1.7320508075688772
BraTS20_Training_227,0.8969213936540759,2.8284271247461903,0.8799691552182471,4.123105625617661
BraTS20_Training_228,0.9281537824692124,13.601470508735444,0.9286251037330842,11.357816691600547
BraTS20_Training_229,0.9751679966400671,1.0,0.9718851770143923,1.0
BraTS20_Training_230,0.9546987214327551,2.23606797749979,0.9626340393359529,1.7320508075688772
BraTS20_Training_231,0.9752745421828602,1.0,0.9753758616591395,1.0
BraTS20_Training_232,0.9538490785471462,2.23606797749979,0.9467394303929354,3.605551275463989
BraTS20_Training_233,0.9585416230131409,1.0,0.9537534311970403,1.0
BraTS20_Training_234,0.9695747141205191,1.4142135623730951,0.964811433466333,2.0
BraTS20_Training_235,0.9724294259209331,1.7320508075688772,0.9686153508180679,3.0
BraTS20_Training_236,0.9441965334210155,4.0,0.9396645482924649,5.385164807134504
BraTS20_Training_237,0.9706281959437761,1.4142135623730951,0.9636462861785189,4.123105625617661
BraTS20_Training_238,0.9494472743680167,4.242640687119285,0.9493781094527363,7.280109889280518
BraTS20_Training_239,0.9567843437207401,5.0,0.9527505256943477,2.0
BraTS20_Training_240,0.9601500809259895,2.0,0.9468569430130389,2.23606797749979
BraTS20_Training_241,0.9709112410834705,1.4142135623730951,0.9668895348191704,2.0
BraTS20_Training_242,0.9728397746009313,2.23606797749979,0.9555270896855323,2.449489742783178
BraTS20_Training_243,0.9661253343523118,1.0,0.9567035222140179,2.0
BraTS20_Training_244,0.9855986622073578,1.0,0.9678013370518141,1.0
BraTS20_Training_245,0.9806864344432716,1.0,0.9656032241540945,2.0
BraTS20_Training_246,0.9645169421338806,1.4142135623730951,0.9509593642530483,2.23606797749979
BraTS20_Training_247,0.9502301430741673,2.0,0.9498941212819991,2.23606797749979
BraTS20_Training_248,0.9656092050404118,1.4142135623730951,0.9606328395547886,1.4142135623730951
BraTS20_Training_249,0.9365652746362378,4.58257569495584,0.9378778988187871,2.8284271247461903
BraTS20_Training_250,0.8850641737817416,20.493901531919196,0.8954157695518715,19.519221295943137
BraTS20_Training_251,0.9737270815437932,1.4142135623730951,0.9741973396014745,1.0
BraTS20_Training_252,0.9756006515542284,1.4142135623730951,0.9739525342130332,1.4142135623730951
BraTS20_Training_253,0.9569497323842631,1.4142135623730951,0.9561743287810709,1.7320508075688772
BraTS20_Training_254,0.9823590298899629,1.0,0.9776158051213196,1.0
BraTS20_Training_255,0.9733058191331826,1.0,0.9711413077690945,1.0
BraTS20_Training_256,0.9614135148245602,2.8284271247461903,0.9573503974814915,3.3166247903554
BraTS20_Training_257,0.9686629069316385,1.7320508075688772,0.9718481366721724,1.0
BraTS20_Training_258,0.9661861395842692,1.4142135623730951,0.9593402095612312,1.4142135623730951
BraTS20_Training_259,0.9740035381765932,1.4142135623730951,0.9731094810470439,1.7320508075688772
BraTS20_Training_260,0.9773219556916753,1.0,0.94265922060484,2.0
BraTS20_Training_261,0.984542532719414,1.0,0.9692699205824626,1.7320508075688772
BraTS20_Training_262,0.9791306514663054,1.0,0.949466605005526,1.7320508075688772
BraTS20_Training_263,0.9714969824193125,1.0,0.9387721466831479,1.4142135623730951
BraTS20_Training_264,0.983431027745213,1.0,0.9593307542760638,1.0
BraTS20_Training_265,0.9791981143498301,1.0,0.9660236826620021,1.0
BraTS20_Training_266,0.9772259065895301,1.0,0.962693529084724,1.0
BraTS20_Training_267,0.9815273185325145,1.0,0.9464599384888551,2.23606797749979
BraTS20_Training_268,0.9764050901378579,1.0,0.9409653498007547,1.4142135623730951
BraTS20_Training_269,0.9725595154247078,1.0,0.954181450990842,1.0
BraTS20_Training_270,0.9545340608249865,1.4142135623730951,0.9658654913818139,1.0
BraTS20_Training_271,0.8155573183336939,52.54521862167861,0.8274379360700957,53.0659966456864
BraTS20_Training_272,0.9538414133114216,3.0,0.9601639239290517,3.0
BraTS20_Training_273,0.9043609035405905,9.219544457292887,0.9130796751855046,9.433981132056603
BraTS20_Training_274,0.8887741801529535,11.445523142259598,0.886899669341226,11.357816691600547
BraTS20_Training_275,0.703324771891984,61.48983655857283,0.7114298070618434,61.84658438426491
BraTS20_Training_276,0.9141457252116908,12.083045973594572,0.9248299026784945,11.445523142259598
BraTS20_Training_277,0.6388919915112253,23.08679276123039,0.7523993870473425,18.841443681416774
BraTS20_Training_278,0.8520406676959827,6.557438524302,0.85855250264571,7.483314773547883
BraTS20_Training_279,0.9110162867966196,7.810249675906654,0.9080855238788089,8.831760866327848
BraTS20_Training_280,0.8631541568644858,81.40024569987489,0.8700050242840395,80.46738469715541
BraTS20_Training_281,0.89584559167994,4.0,0.8978223321028211,4.123105625617661
BraTS20_Training_282,0.9456211221711378,3.0,0.9481072502319136,3.1622776601683795
BraTS20_Training_283,0.938426994067238,3.1622776601683795,0.9437708553545151,1.7320508075688772
BraTS20_Training_284,0.9459650240161346,7.483314773547883,0.9494987032912777,7.483314773547883
BraTS20_Training_285,0.7128510007574478,10.04987562112089,0.7230402866381194,9.643650760992955
BraTS20_Training_286,0.901478383395585,8.602325267042627,0.9060456425997597,8.602325267042627
BraTS20_Training_287,0.919368617248476,41.08527716834828,0.9257251104216804,40.570925550201586
BraTS20_Training_288,0.9175533659586192,5.0,0.9216407392110973,5.0990195135927845
BraTS20_Training_289,0.9540182111648566,5.656854249492381,0.9574739962687521,5.385164807134504
BraTS20_Training_290,0.8976511620032281,6.4031242374328485,0.9090979229968027,6.4031242374328485
BraTS20_Training_291,0.9625945846338121,4.123105625617661,0.9693580988423146,4.0
BraTS20_Training_292,0.9547603058167166,2.0,0.9588670207226908,2.0
BraTS20_Training_293,0.8761288535500069,7.0,0.8828589230084557,6.48074069840786
BraTS20_Training_294,0.9417695692917215,4.0,0.9437168861301473,4.242640687119285
BraTS20_Training_295,0.8562026291375658,50.309044912421065,0.87519134242284,51.19570294468082
BraTS20_Training_296,0.9698252053256384,1.4142135623730951,0.9727299390135126,1.4142135623730951
BraTS20_Training_297,0.6608870405820699,44.51965857910413,0.6659106373327285,45.45327270945405
BraTS20_Training_298,0.8620133065627338,4.898979485566356,0.8685768317787387,4.47213595499958
BraTS20_Training_299,0.8556284704694599,12.529964086141668,0.8592301435334179,11.74734012447073
BraTS20_Training_300,0.880761260127555,10.954451150103322,0.8921807612975811,9.219544457292887
BraTS20_Training_301,0.8720856012162429,10.488088481701515,0.8742159013321325,13.19090595827292
BraTS20_Training_302,0.8190692070493577,8.06225774829855,0.8217551904216024,8.717797887081348
BraTS20_Training_303,0.815959617991182,10.0,0.8217938387156759,11.313708498984761
BraTS20_Training_304,0.9075036516186011,2.8284271247461903,0.9183249088233413,2.23606797749979
BraTS20_Training_305,0.887561745716893,8.602325267042627,0.9005060026640679,8.366600265340756
BraTS20_Training_306,0.9218859916349519,7.0710678118654755,0.9185606116602164,7.3484692283495345
BraTS20_Training_307,0.845022615627749,13.19090595827292,0.8449724536703096,13.638181696985855
BraTS20_Training_308,0.7788570445879514,13.601470508735444,0.780476215930486,13.490737563232042
BraTS20_Training_309,0.8688754648164242,7.3484692283495345,0.8807895456745439,6.557438524302
BraTS20_Training_310,0.9303215332366406,52.640288753007425,0.9438776853604519,3.3166247903554
BraTS20_Training_311,0.8090478094476495,5.830951894845301,0.8452354874041621,8.06225774829855
BraTS20_Training_312,0.9304571109283477,3.7416573867739413,0.9208278580814717,4.242640687119285
BraTS20_Training_313,0.9510127781618909,3.3166247903554,0.9488260828059457,3.4641016151377544
BraTS20_Training_314,0.8119714230546438,13.564659966250536,0.8506664505935259,7.211102550927978
BraTS20_Training_315,0.9783043146952684,1.0,0.9740526360810926,1.0
BraTS20_Training_316,0.8310744524169653,9.273618495495704,0.887157428689939,8.06225774829855
BraTS20_Training_317,0.8998636231527645,2.23606797749979,0.9061362976852162,2.449489742783178
BraTS20_Training_318,0.8703606485168672,12.884098726725126,0.8761453816575309,10.198039027185569
BraTS20_Training_319,0.951510313393248,4.358898943540674,0.951784000548396,5.0
BraTS20_Training_320,0.8601806000582581,14.071247279470288,0.8669401340087295,14.177446878757825
BraTS20_Training_321,0.9472976984734613,2.23606797749979,0.9522793252255787,2.0
BraTS20_Training_322,0.9151805729174908,5.830951894845301,0.9203366400610147,5.0990195135927845
BraTS20_Training_323,0.8840044233702969,6.48074069840786,0.9093830098864885,5.916079783099616
BraTS20_Training_324,0.8947326732673268,4.242640687119285,0.9409255891739514,2.23606797749979
BraTS20_Training_325,0.47819799290065296,41.31585652022719,0.7712963213599329,43.32435804486894
BraTS20_Training_326,0.9118308898738493,5.830951894845301,0.9104753353937531,6.164414002968976
BraTS20_Training_327,0.9373088038344963,15.84297951775486,0.9666805964115884,3.0
BraTS20_Training_328,0.9184493290394199,5.0990195135927845,0.9416294532102808,5.385164807134504
BraTS20_Training_329,0.8989996556329215,4.123105625617661,0.9094600617355276,3.7416573867739413
BraTS20_Training_330,0.9445233352711886,2.8284271247461903,0.9548821913847932,2.0
BraTS20_Training_331,0.8971007282102311,2.449489742783178,0.855674974440922,4.0
BraTS20_Training_332,0.9561744863799344,1.4142135623730951,0.9435133145992238,1.4142135623730951
BraTS20_Training_333,0.9553992466991952,3.4641016151377544,0.9612143738922523,3.0
BraTS20_Training_334,0.9690868685528542,2.0,0.9717862103487027,1.4142135623730951
BraTS20_Training_335,0.8987164147065722,5.830951894845301,0.9120441240052818,4.47213595499958
BraTS20_Training_336,0.9795163949615369,1.0,0.9780380947918375,1.0
BraTS20_Training_337,0.965718927701056,1.0,0.9735871161782192,1.0
BraTS20_Training_338,0.9442946767320016,2.8284271247461903,0.9492459488962133,2.0
BraTS20_Training_339,0.9268533749879045,4.47213595499958,0.9410158157965341,3.605551275463989
BraTS20_Training_340,0.9541249910868819,2.0,0.9583309768435605,1.0
BraTS20_Training_341,0.8477738400749522,5.830951894845301,0.8587933711232263,3.7416573867739413
BraTS20_Training_342,0.8985361286845017,4.0,0.9244948695318237,3.1622776601683795
BraTS20_Training_343,0.9428225056997418,2.8284271247461903,0.9407268977961077,3.0
BraTS20_Training_344,0.9088352320593076,3.0,0.9295811748178067,2.23606797749979
BraTS20_Training_345,0.8728537253064345,10.862780491200215,0.9006486267355832,3.1622776601683795
BraTS20_Training_346,0.9424515240044783,2.23606797749979,0.9637695908813352,1.0
BraTS20_Training_347,0.9603389637618674,1.4142135623730951,0.9680986256861743,1.0
BraTS20_Training_348,0.9679733538303869,1.0,0.9714041085984368,1.0
BraTS20_Training_349,0.9545451966341544,2.23606797749979,0.9554036467404784,2.0
BraTS20_Training_350,0.9675788619161174,1.0,0.976268976436621,1.0
BraTS20_Training_351,0.9633744668579148,1.0,0.9634201444921672,1.0
BraTS20_Training_352,0.9178801672468127,5.830951894845301,0.9561431037188137,6.324555320336759
BraTS20_Training_353,0.9477667424956999,1.7320508075688772,0.9603220483282706,1.0
BraTS20_Training_354,0.9431590186438888,2.23606797749979,0.9563870861983672,1.7320508075688772
BraTS20_Training_355,0.9617995000581328,1.7320508075688772,0.9719615932240517,1.4142135623730951
BraTS20_Training_356,0.8845350647378213,2.8284271247461903,0.9021855790808859,2.23606797749979
BraTS20_Training_357,0.9166547965177172,2.23606797749979,0.921809820988668,2.23606797749979
BraTS20_Training_358,0.951697513761129,1.0,0.9570558927272225,1.0
BraTS20_Training_359,0.9568300828763452,1.0,0.9688652553190238,1.0
BraTS20_Training_360,0.9019074959535857,27.459060435491963,0.9258371729959808,10.04987562112089
BraTS20_Training_361,0.9573704498414447,3.1622776601683795,0.9593171018040352,4.123105625617661
BraTS20_Training_362,0.9644230738793379,2.0,0.9674175292868126,2.0
BraTS20_Training_363,0.9618049194797409,1.4142135623730951,0.9669561275754536,1.4142135623730951
BraTS20_Training_364,0.9449109299059283,1.4142135623730951,0.9503734923417744,1.4142135623730951
BraTS20_Training_365,0.9521687372180336,2.0,0.969212645201999,1.4142135623730951
BraTS20_Training_366,0.953954103395325,2.0,0.9520281060364101,1.7320508075688772
BraTS20_Training_367,0.948809982284526,2.449489742783178,0.960059040134154,1.4142135623730951
BraTS20_Training_368,0.9528370477638307,1.4142135623730951,0.9550808591393378,2.8284271247461903
BraTS20_Training_369,0.9539586890069032,2.8284271247461903,0.959708838973482,1.7320508075688772
